{
  "checkpoint": "/home/dy-jang/TruckDetection_github_codex_fcos3d_geov2_integration/results/smoke_ablation/geometry/best.pt",
  "dataset_root": "/home/dy-jang/TruckDetection/fcos3d_server_bundle_20260410/datasets/v3/kitti_smoke_1280x384_lb",
  "model_type": "geometry",
  "split": "val",
  "device": "cuda",
  "state_compatibility": {
    "matched_keys": 245,
    "missing_keys": [],
    "unexpected_keys": [],
    "shape_mismatches": [],
    "compatible": true
  },
  "num_batches": 125,
  "num_samples": 1000,
  "metrics": {
    "z_error_m": 7.698167579650879,
    "center_error_m": 7.878391765594483,
    "yaw_error_deg": 45.60529056549072,
    "adds_m": 6.640596309661865
  },
  "metrics_note": "'metrics' is kept as the reconstructed canonical-GT result for backward compatibility. Use 'metrics_actual_gt' for direct comparison against dataset gt_corners_3d.",
  "metrics_canonical_gt": {
    "z_error_m": 7.698167579650879,
    "center_error_m": 7.878391765594483,
    "yaw_error_deg": 45.60529056549072,
    "adds_m": 6.640596309661865
  },
  "metrics_actual_gt": {
    "z_error_m": 7.698166538238525,
    "center_error_m": 7.878390596389771,
    "yaw_error_deg": 45.60529056549072,
    "adds_m": 6.707530647277832
  },
  "pred_z_stats": {
    "count": 1000,
    "finite_count": 1000,
    "min": 0.5,
    "mean": 7.211191177368164,
    "max": 30.0,
    "std": 9.875961303710938
  },
  "gt_z_stats": {
    "count": 1000,
    "finite_count": 1000,
    "min": 0.12118601053953171,
    "mean": 5.165068626403809,
    "max": 12.135553359985352,
    "std": 2.622941493988037
  },
  "gt_z_stats_note": "'gt_z_stats' is kept as the reconstructed canonical-GT depth distribution for backward compatibility.",
  "canonical_gt_z_stats": {
    "count": 1000,
    "finite_count": 1000,
    "min": 0.12118601053953171,
    "mean": 5.165068626403809,
    "max": 12.135553359985352,
    "std": 2.622941493988037
  },
  "actual_gt_z_stats": {
    "count": 1000,
    "finite_count": 1000,
    "min": 0.1211860179901123,
    "mean": 5.165069103240967,
    "max": 12.13554859161377,
    "std": 2.622941017150879
  },
  "abs_z_error_stats": {
    "count": 1000,
    "finite_count": 1000,
    "min": 0.030643463134765625,
    "mean": 7.698167324066162,
    "max": 28.076801300048828,
    "std": 7.0414838790893555
  },
  "abs_z_error_stats_note": "'abs_z_error_stats' is kept as the canonical-GT error summary for backward compatibility.",
  "abs_z_error_stats_canonical_gt": {
    "count": 1000,
    "finite_count": 1000,
    "min": 0.030643463134765625,
    "mean": 7.698167324066162,
    "max": 28.076801300048828,
    "std": 7.0414838790893555
  },
  "abs_z_error_stats_actual_gt": {
    "count": 1000,
    "finite_count": 1000,
    "min": 0.030633926391601562,
    "mean": 7.6981658935546875,
    "max": 28.076801300048828,
    "std": 7.041482925415039
  },
  "sample_rows": [
    {
      "frame_id": 0,
      "pred_z": 1.1573230028152466,
      "canonical_gt_z": 6.943299770355225,
      "actual_gt_z": 6.943298816680908,
      "abs_z_error_canonical_gt": 5.785976886749268,
      "abs_z_error_actual_gt": 5.785975933074951,
      "pred_yaw": 1.4970800876617432,
      "canonical_gt_yaw": 2.7105350494384766,
      "actual_gt_yaw": 2.7105350494384766
    },
    {
      "frame_id": 7,
      "pred_z": 8.397734642028809,
      "canonical_gt_z": 3.0180065631866455,
      "actual_gt_z": 3.0180070400238037,
      "abs_z_error_canonical_gt": 5.379728317260742,
      "abs_z_error_actual_gt": 5.379727363586426,
      "pred_yaw": 1.817497730255127,
      "canonical_gt_yaw": -0.7176129817962646,
      "actual_gt_yaw": -0.7176129817962646
    },
    {
      "frame_id": 8,
      "pred_z": 2.4607973098754883,
      "canonical_gt_z": 4.04859733581543,
      "actual_gt_z": 4.0485968589782715,
      "abs_z_error_canonical_gt": 1.5878000259399414,
      "abs_z_error_actual_gt": 1.5877995491027832,
      "pred_yaw": 1.904021978378296,
      "canonical_gt_yaw": 0.7384510040283203,
      "actual_gt_yaw": 0.7384510040283203
    },
    {
      "frame_id": 10,
      "pred_z": 0.6339806318283081,
      "canonical_gt_z": 4.832386493682861,
      "actual_gt_z": 4.8323869705200195,
      "abs_z_error_canonical_gt": 4.198405742645264,
      "abs_z_error_actual_gt": 4.198406219482422,
      "pred_yaw": 1.49142324924469,
      "canonical_gt_yaw": 1.0606839656829834,
      "actual_gt_yaw": 1.0606839656829834
    },
    {
      "frame_id": 15,
      "pred_z": 1.0791181325912476,
      "canonical_gt_z": 4.201475143432617,
      "actual_gt_z": 4.201475143432617,
      "abs_z_error_canonical_gt": 3.12235689163208,
      "abs_z_error_actual_gt": 3.12235689163208,
      "pred_yaw": 1.6084038019180298,
      "canonical_gt_yaw": 2.948621988296509,
      "actual_gt_yaw": 2.948621988296509
    },
    {
      "frame_id": 18,
      "pred_z": 27.21046257019043,
      "canonical_gt_z": 3.358555793762207,
      "actual_gt_z": 3.3585610389709473,
      "abs_z_error_canonical_gt": 23.851905822753906,
      "abs_z_error_actual_gt": 23.85190200805664,
      "pred_yaw": 2.037205219268799,
      "canonical_gt_yaw": 1.123824954032898,
      "actual_gt_yaw": 1.123824954032898
    },
    {
      "frame_id": 20,
      "pred_z": 0.7809839844703674,
      "canonical_gt_z": 4.323705196380615,
      "actual_gt_z": 4.323703765869141,
      "abs_z_error_canonical_gt": 3.5427212715148926,
      "abs_z_error_actual_gt": 3.542719841003418,
      "pred_yaw": 1.742201328277588,
      "canonical_gt_yaw": -2.6196229457855225,
      "actual_gt_yaw": -2.6196229457855225
    },
    {
      "frame_id": 22,
      "pred_z": 12.897443771362305,
      "canonical_gt_z": 2.6830508708953857,
      "actual_gt_z": 2.683051109313965,
      "abs_z_error_canonical_gt": 10.21439266204834,
      "abs_z_error_actual_gt": 10.21439266204834,
      "pred_yaw": 1.5181818008422852,
      "canonical_gt_yaw": -1.7534860372543335,
      "actual_gt_yaw": -1.7534860372543335
    },
    {
      "frame_id": 30,
      "pred_z": 11.224594116210938,
      "canonical_gt_z": 4.917168617248535,
      "actual_gt_z": 4.917169094085693,
      "abs_z_error_canonical_gt": 6.307425498962402,
      "abs_z_error_actual_gt": 6.307425022125244,
      "pred_yaw": 1.4107789993286133,
      "canonical_gt_yaw": -0.7212309837341309,
      "actual_gt_yaw": -0.7212309837341309
    },
    {
      "frame_id": 32,
      "pred_z": 0.5598143339157104,
      "canonical_gt_z": 3.181514024734497,
      "actual_gt_z": 3.181513786315918,
      "abs_z_error_canonical_gt": 2.621699810028076,
      "abs_z_error_actual_gt": 2.621699333190918,
      "pred_yaw": 1.4721198081970215,
      "canonical_gt_yaw": 1.1663719415664673,
      "actual_gt_yaw": 1.1663719415664673
    },
    {
      "frame_id": 35,
      "pred_z": 1.2824214696884155,
      "canonical_gt_z": 4.119872570037842,
      "actual_gt_z": 4.119873046875,
      "abs_z_error_canonical_gt": 2.8374509811401367,
      "abs_z_error_actual_gt": 2.837451457977295,
      "pred_yaw": 1.7554115056991577,
      "canonical_gt_yaw": -1.4526360034942627,
      "actual_gt_yaw": -1.4526360034942627
    },
    {
      "frame_id": 36,
      "pred_z": 30.0,
      "canonical_gt_z": 4.528835296630859,
      "actual_gt_z": 4.528841972351074,
      "abs_z_error_canonical_gt": 25.47116470336914,
      "abs_z_error_actual_gt": 25.47115707397461,
      "pred_yaw": 1.4533523321151733,
      "canonical_gt_yaw": 0.8953710198402405,
      "actual_gt_yaw": 0.8953710198402405
    },
    {
      "frame_id": 41,
      "pred_z": 10.199749946594238,
      "canonical_gt_z": 3.469381809234619,
      "actual_gt_z": 3.469381809234619,
      "abs_z_error_canonical_gt": 6.730368137359619,
      "abs_z_error_actual_gt": 6.730368137359619,
      "pred_yaw": 1.4273865222930908,
      "canonical_gt_yaw": 1.0350990295410156,
      "actual_gt_yaw": 1.0350990295410156
    },
    {
      "frame_id": 42,
      "pred_z": 21.33600616455078,
      "canonical_gt_z": 3.9048101902008057,
      "actual_gt_z": 3.904810905456543,