{"data_time": 0.0009736495018005371, "time": 0.0829088613986969}