{"data_time": 0.0007820508480072022, "time": 0.03074846601486206}