{"data_time": 0.0007782018184661865, "time": 0.030694529294967653}