{"data_time": 0.0007963511943817139, "time": 0.030707362174987794}