{"data_time": 0.0007870652675628662, "time": 0.030788943529129028}