{"data_time": 0.000770047664642334, "time": 0.030674947261810304}