{
  "checkpoint": "/home/dy-jang/projects/TruckDetection-main/results/geometry_v2/seed_42/model_0008000.pth",
  "prediction_dir": "/home/dy-jang/projects/TruckDetection-main/results/single_infer/geometry_v2_0008000_random5_evalset/inference/kitti_test/data",
  "sample_ids": [
    "000078",
    "000494",
    "001272",
    "003166",
    "003711"
  ],
  "matching_note": "Per-sample IoU/ATE/AOE/BEV IoU use the prediction with highest 2D bbox IoU. AOE follows train/metrics.py symmetric yaw convention.",
  "metrics": {
    "mean_bbox_iou_2d": 0.9728492957207056,
    "mean_ate_m": 0.09946156851947308,
    "mean_aoe_deg": 1.1144365458725787,
    "mean_bev_iou": 0.8540090000816646,
    "subset_bev_ap_0.7": 0.8,
    "num_gt": 5,
    "num_predictions": 5
  },
  "per_sample": [
    {
      "sample_id": "000078",
      "gt_count": 1,
      "pred_count": 1,
      "bbox_iou_2d": 0.9850132922017711,
      "ate_m": 0.03122262842953205,
      "aoe_deg": 1.0820883541633377,
      "bev_iou": 0.932282339472988,
      "score": 0.9592999815940857,
      "gt_bbox": [
        147.5469512939453,
        0.0,
        1044.9560546875,
        367.1745300292969
      ],
      "pred_bbox": [
        141.08360290527344,
        0.0,
        1044.248046875,
        364.54559326171875
      ],
      "gt_loc_xyz": [
        -0.004052000120282173,
        0.7707769870758057,
        4.5695037841796875
      ],
      "pred_loc_xyz": [
        -0.035100001841783524,
        0.770799994468689,
        4.572800159454346
      ],
      "gt_dims_lhw": [
        5.103682994842529,
        1.9189239740371704,
        1.8684289455413818
      ],
      "pred_dims_lhw": [
        5.103700160980225,
        1.9189000129699707,
        1.868399977684021
      ],
      "gt_ry": -0.301186,
      "pred_ry": -0.2822999954223633
    },
    {
      "sample_id": "000494",
      "gt_count": 1,
      "pred_count": 1,
      "bbox_iou_2d": 0.9748149878912572,
      "ate_m": 0.050872016698122025,
      "aoe_deg": 0.3811251650488776,
      "bev_iou": 0.8921565844595605,
      "score": 0.9487000107765198,
      "gt_bbox": [
        246.05191040039062,
        24.67987060546875,
        1279.0,
        383.0
      ],
      "pred_bbox": [
        236.35079956054688,
        20.1914005279541,
        1280.0,
        384.0
      ],
      "gt_loc_xyz": [
        0.09566199779510498,
        1.5647670030593872,
        3.615705966949463
      ],
      "pred_loc_xyz": [
        0.07670000195503235,
        1.5648000240325928,
        3.56850004196167
      ],
      "gt_dims_lhw": [
        5.103682994842529,
        1.9189239740371704,
        1.8684289455413818
      ],
      "pred_dims_lhw": [
        5.103700160980225,
        1.9189000129699707,
        1.868399977684021
      ],
      "gt_ry": -2.542248,
      "pred_ry": -2.5488998889923096
    },
    {
      "sample_id": "001272",
      "gt_count": 1,
      "pred_count": 1,
      "bbox_iou_2d": 0.9504859571655592,
      "ate_m": 0.1617429107427597,
      "aoe_deg": 3.493554236996812,
      "bev_iou": 0.6981505160420456,
      "score": 0.8407999873161316,
      "gt_bbox": [
        59.201416015625,
        0.0,
        1279.0,
        383.0
      ],
      "pred_bbox": [
        0.0,
        0.0,
        1280.0,
        384.0
      ],
      "gt_loc_xyz": [
        -0.00584599981084466,
        0.5731850266456604,
        2.830832004547119
      ],
      "pred_loc_xyz": [
        0.00930000003427267,
        0.573199987411499,
        2.669800043106079
      ],
      "gt_dims_lhw": [
        5.103682994842529,
        1.9189239740371704,
        1.8684289455413818
      ],
      "pred_dims_lhw": [
        5.103700160980225,
        1.9189000129699707,
        1.868399977684021
      ],
      "gt_ry": -2.691326,
      "pred_ry": -2.7523000240325928
    },
    {
      "sample_id": "003166",
      "gt_count": 1,
      "pred_count": 1,
      "bbox_iou_2d": 0.9830334381442795,
      "ate_m": 0.0786169171333313,
      "aoe_deg": 0.36108191482381086,
      "bev_iou": 0.8698486125348025,
      "score": 0.9059000015258789,
      "gt_bbox": [
        233.17291259765625,
        192.37063598632812,
        804.3888549804688,
        383.0
      ],
      "pred_bbox": [
        230.69650268554688,
        192.37429809570312,
        808.72802734375,
        384.0
      ],
      "gt_loc_xyz": [
        -1.4818520545959473,
        1.9230209589004517,
        4.750800132751465
      ],
      "pred_loc_xyz": [
        -1.4747999906539917,
        1.9229999780654907,
        4.672500133514404
      ],
      "gt_dims_lhw": [
        5.103682994842529,
        1.9189239740371704,
        1.8684289455413818
      ],
      "pred_dims_lhw": [
        5.103700160980225,
        1.9189000129699707,
        1.868399977684021
      ],
      "gt_ry": -2.232902,
      "pred_ry": -2.226599931716919
    },
    {
      "sample_id": "003711",
      "gt_count": 1,
      "pred_count": 1,
      "bbox_iou_2d": 0.9708988032006616,
      "ate_m": 0.1748533695936203,
      "aoe_deg": 0.2543330583300555,
      "bev_iou": 0.8776069478989265,
      "score": 0.9126999974250793,
      "gt_bbox": [
        567.2015380859375,
        153.72244262695312,
        745.3828735351562,
        309.3565673828125
      ],
      "pred_bbox": [
        567.785400390625,
        154.51730346679688,
        744.4503173828125,
        306.9193115234375
      ],
      "gt_loc_xyz": [
        0.5806189775466919,
        1.4469720125198364,
        10.88465690612793
      ],
      "pred_loc_xyz": [
        0.5787000060081482,
        1.4470000267028809,
        11.059499740600586
      ],
      "gt_dims_lhw": [
        5.103682994842529,
        1.9189239740371704,
        1.8684289455413818
      ],
      "pred_dims_lhw": [
        5.103700160980225,
        1.9189000129699707,
        1.868399977684021
      ],
      "gt_ry": -1.328739,
      "pred_ry": -1.3243000507354736
    }
  ],
  "ap_rows": [
    {
      "sample_id": "000078",
      "score": 0.9592999815940857,
      "tp": 1,
      "fp": 0,
      "best_bev_iou": 0.932282339472988
    },
    {
      "sample_id": "000494",
      "score": 0.9487000107765198,
      "tp": 1,
      "fp": 0,
      "best_bev_iou": 0.8921565844595605
    },
    {
      "sample_id": "003711",
      "score": 0.9126999974250793,
      "tp": 1,
      "fp": 0,
      "best_bev_iou": 0.8776069478989265
    },
    {
      "sample_id": "003166",
      "score": 0.9059000015258789,
      "tp": 1,
      "fp": 0,
      "best_bev_iou": 0.8698486125348025
    },
    {
      "sample_id": "001272",
      "score": 0.8407999873161316,
      "tp": 0,
      "fp": 1,
      "best_bev_iou": 0.6981505160420456
    }
  ]
}