{"data_time": 0.0007662446498870849, "time": 0.03070157265663147}