{"data_time": 0.0007913844585418701, "time": 0.030668936014175415}