{"data_time": 0.0007788248062133789, "time": 0.030746386766433716}