{"data_time": 0.0007821285724639893, "time": 0.03080587148666382}