{"data_time": 0.0008013103008270263, "time": 0.030737526893615724}