{"data_time": 0.0007949161529541015, "time": 0.03074354958534241}