{"data_time": 0.0007889447212219238, "time": 0.030712871074676514}