{"data_time": 0.0007764570713043213, "time": 0.030778048753738404}