{"data_time": 0.000763777494430542, "time": 0.030568382501602175}