{"data_time": 0.0007793076038360595, "time": 0.03060678195953369}