{"data_time": 0.0007843258380889893, "time": 0.030592213630676268}