{"data_time": 0.0008102431297302246, "time": 0.03062876319885254}