{
  "frame_id": 8,
  "view_category": "rear",
  "truck_dims": {
    "width": 1.8684294819831848,
    "length": 5.103682994842529,
    "height": 1.9189241528511047
  },
  "metadata": {
    "h_cam": 1.195994257926941,
    "cam_pos": [
      -4.994854927062988,
      1.352319598197937,
      1.195994257926941
    ],
    "distance": 5.180086071982623,
    "truck_yaw_world": 230.90521023770333,
    "environment": "warehouse",
    "hdri": "none",
    "sun_energy": null,
    "K_matrix": [
      [
        1866.6666666666667,
        0.0,
        960.0
      ],
      [
        0.0,
        1866.6666666666667,
        540.0
      ],
      [
        0.0,
        0.0,
        1.0
      ]
    ],
    "depth_format": {
      "file": "depth_0008.npy",
      "dtype": "float32",
      "unit": "meter",
      "invalid_value": 0.0,
      "max_range_m": 65.535,
      "shape": [
        1080,
        1920
      ]
    }
  },
  "ground_truth": {
    "truck_center_2d": [
      1579.6741104125977,
      629.9033546447754
    ],
    "yaw_theta": 42.31010809668729,
    "3d_corners": [
      [
        -1.3913726446338999,
        2.334252422942227,
        -2.9802322387695312e-08
      ],
      [
        -2.5696143155431646,
        0.884157497057409,
        -2.9802322387695312e-08
      ],
      [
        -2.5696143155431646,
        0.884157497057409,
        1.9189241230487823
      ],
      [
        -1.3913726446338999,
        2.334252422942227,
        1.9189241230487823
      ],
      [
        2.5696143155431646,
        -0.884157497057409,
        -2.9802322387695312e-08
      ],
      [
        1.3913726446338999,
        -2.334252422942227,
        -2.9802322387695312e-08
      ],
      [
        1.3913726446338999,
        -2.334252422942227,
        1.9189241230487823
      ],
      [
        2.5696143155431646,
        -0.884157497057409,
        1.9189241230487823
      ]
    ],
    "2d_corners": [
      [
        562.2930335998535,
        1151.1673468351364,
        1
      ],
      [
        1430.2996444702148,
        1472.0959782600403,
        1
      ],
      [
        1430.2995300292969,
        -23.41362476348877,
        1
      ],
      [
        562.2930335998535,
        170.57478189468384,
        2
      ],
      [
        1627.8457260131836,
        840.5908459424973,
        2
      ],
      [
        2182.0626068115234,
        901.8704813718796,
        1
      ],
      [
        2182.0626068115234,
        321.26441717147827,
        1
      ],
      [
        1627.8456115722656,
        358.30548763275146,
        2
      ]
    ],
    "axes_2d": {
      "origin": [
        1579.6741104125977,
        629.9033546447754
      ],
      "x_end": [
        2003.8252258300781,
        644.1830599308014
      ],
      "y_end": [
        1720.9455871582031,
        618.1375443935394
      ],
      "z_end": [
        1579.6739959716797,
        249.8153257369995
      ]
    }
  }
}