{
  "frame_id": 43,
  "view_category": "rear",
  "truck_dims": {
    "width": 1.8684294819831848,
    "length": 5.103682994842529,
    "height": 1.9189241528511047
  },
  "metadata": {
    "h_cam": 0.960372805595398,
    "cam_pos": [
      -2.171156406402588,
      -3.793999195098877,
      0.960372805595398
    ],
    "distance": 4.371309998893802,
    "truck_yaw_world": 330.03108435734623,
    "environment": "warehouse",
    "hdri": "none",
    "sun_energy": null,
    "K_matrix": [
      [
        1866.6666666666667,
        0.0,
        960.0
      ],
      [
        0.0,
        1866.6666666666667,
        540.0
      ],
      [
        0.0,
        0.0,
        1.0
      ]
    ],
    "depth_format": {
      "file": "depth_0043.npy",
      "dtype": "float32",
      "unit": "meter",
      "invalid_value": 0.0,
      "max_range_m": 65.535,
      "shape": [
        1080,
        1920
      ]
    }
  },
  "ground_truth": {
    "truck_center_2d": [
      1057.9567337036133,
      540.3895533084869
    ],
    "yaw_theta": 3.1920596881570136,
    "3d_corners": [
      [
        -2.084028741746414,
        -1.7439829167231111,
        -2.9802322387695312e-08
      ],
      [
        -0.4654148246957549,
        -2.677319788744074,
        -2.9802322387695312e-08
      ],
      [
        -0.4654148246957549,
        -2.677319788744074,
        1.9189241230487823
      ],
      [
        -2.084028741746414,
        -1.7439829167231111,
        1.9189241230487823
      ],
      [
        0.4654148246957549,
        2.677319788744074,
        -2.9802322387695312e-08
      ],
      [
        2.084028741746414,
        1.7439829167231111,
        -2.9802322387695312e-08
      ],
      [
        2.084028741746414,
        1.7439829167231111,
        1.9189241230487823
      ],
      [
        0.4654148246957549,
        2.677319788744074,
        1.9189241230487823
      ]
    ],
    "2d_corners": [
      [
        115.47276735305786,
        1498.9477014541626,
        1
      ],
      [
        2038.241958618164,
        1555.4609656333923,
        1
      ],
      [
        2038.241958618164,
        -473.5346031188965,
        1
      ],
      [
        115.47276735305786,
        -417.12864875793457,
        1
      ],
      [
        809.4936561584473,
        797.3788332939148,
        2
      ],
      [
        1314.752540588379,
        801.2816083431244,
        2
      ],
      [
        1314.752540588379,
        279.2141604423523,
        2
      ],
      [
        809.4936561584473,
        283.1095004081726,
        2
      ]
    ],
    "axes_2d": {
      "origin": [
        1057.9567337036133,
        540.3895533084869
      ],
      "x_end": [
        1491.6898727416992,
        540.3945744037628
      ],
      "y_end": [
        1059.1009140014648,
        540.3170692920685
      ],
      "z_end": [
        1057.9567337036133,
        112.77515172958374
      ]
    }
  }
}