{
  "frame_id": 120,
  "view_category": "right",
  "truck_dims": {
    "width": 1.8684294819831848,
    "length": 5.103682994842529,
    "height": 1.9189241528511047
  },
  "metadata": {
    "h_cam": 1.0249685049057007,
    "cam_pos": [
      -1.7399332523345947,
      2.809051513671875,
      1.0249685049057007
    ],
    "distance": 3.304909887099238,
    "truck_yaw_world": 173.20601623051292,
    "environment": "warehouse",
    "hdri": "none",
    "sun_energy": null,
    "K_matrix": [
      [
        1866.6666666666667,
        0.0,
        960.0
      ],
      [
        0.0,
        1866.6666666666667,
        540.0
      ],
      [
        0.0,
        0.0,
        1.0
      ]
    ],
    "depth_format": {
      "file": "depth_0120.npy",
      "dtype": "float32",
      "unit": "meter",
      "invalid_value": 0.0,
      "max_range_m": 65.535,
      "shape": [
        1080,
        1920
      ]
    }
  },
  "ground_truth": {
    "truck_center_2d": [
      1025.4866409301758,
      577.0290005207062
    ],
    "yaw_theta": 40.57739076417232,
    "3d_corners": [
      [
        1.2295367331161178,
        2.4234049666049082,
        -2.9802322387695312e-08
      ],
      [
        -0.6257725148584878,
        2.644439632492085,
        -2.9802322387695312e-08
      ],
      [
        -0.6257725148584878,
        2.644439632492085,
        1.9189241230487823
      ],
      [
        1.2295367331161178,
        2.4234049666049082,
        1.9189241230487823
      ],
      [
        0.6257725148584878,
        -2.644439632492085,
        -2.9802322387695312e-08
      ],
      [
        -1.2295367331161178,
        -2.4234049666049082,
        -2.9802322387695312e-08
      ],
      [
        -1.2295367331161178,
        -2.4234049666049082,
        1.9189241230487823
      ],
      [
        0.6257725148584878,
        -2.644439632492085,
        1.9189241230487823
      ]
    ],
    "2d_corners": [
      [
        -1173.5512161254883,
        1510.3597176074982,
        1
      ],
      [
        -1099.5281982421875,
        3069.6118354797363,
        1
      ],
      [
        -1099.5289993286133,
        -1666.2733840942383,
        1
      ],
      [
        -1173.5514450073242,
        -306.3268518447876,
        1
      ],
      [
        1300.3205108642578,
        867.161146402359,
        2
      ],
      [
        1961.407699584961,
        952.9894879460335,
        1
      ],
      [
        1961.4079284667969,
        179.7989845275879,
        1
      ],
      [
        1300.3205108642578,
        254.6566915512085,
        2
      ]
    ],
    "axes_2d": {
      "origin": [
        1025.4866409301758,
        577.0290005207062
      ],
      "x_end": [
        1576.2099838256836,
        586.1121940612793
      ],
      "y_end": [
        1312.1803665161133,
        570.1047170162201
      ],
      "z_end": [
        1025.4866409301758,
        11.754255294799805
      ]
    }
  }
}