{"data_time": 0.000790452241897583, "time": 0.03069810438156128}