{"data_time": 0.0014383316040039063, "time": 0.09533515214920044}