{
  "frame_id": 7,
  "view_category": "left",
  "truck_dims": {
    "width": 1.8684294819831848,
    "length": 5.103682994842529,
    "height": 1.9189241528511047
  },
  "metadata": {
    "h_cam": 0.6539626121520996,
    "cam_pos": [
      -3.1083903312683105,
      -2.694812059402466,
      0.6539626121520996
    ],
    "distance": 4.125219050284432,
    "truck_yaw_world": 352.51155336034543,
    "environment": "warehouse",
    "hdri": "none",
    "sun_energy": null,
    "K_matrix": [
      [
        1866.6666666666667,
        0.0,
        960.0
      ],
      [
        0.0,
        1866.6666666666667,
        540.0
      ],
      [
        0.0,
        0.0,
        1.0
      ]
    ],
    "depth_format": {
      "file": "depth_0007.npy",
      "dtype": "float32",
      "unit": "meter",
      "invalid_value": 0.0,
      "max_range_m": 65.535,
      "shape": [
        1080,
        1920
      ]
    }
  },
  "ground_truth": {
    "truck_center_2d": [
      975.3713607788086,
      401.37567043304443
    ],
    "yaw_theta": 318.8838256694519,
    "3d_corners": [
      [
        -1.2588189097238125,
        -2.408324555114809,
        -2.9802322387695312e-08
      ],
      [
        0.5936750431428099,
        -2.651829963138016,
        -2.9802322387695312e-08
      ],
      [
        0.5936750431428099,
        -2.651829963138016,
        1.9189241230487823
      ],
      [
        -1.2588189097238125,
        -2.408324555114809,
        1.9189241230487823
      ],
      [
        -0.5936750431428099,
        2.651829963138016,
        -2.9802322387695312e-08
      ],
      [
        1.2588189097238125,
        2.408324555114809,
        -2.9802322387695312e-08
      ],
      [
        1.2588189097238125,
        2.408324555114809,
        1.9189241230487823
      ],
      [
        -0.5936750431428099,
        2.651829963138016,
        1.9189241230487823
      ]
    ],
    "2d_corners": [
      [
        2153.3505249023438,
        1314.1216349601746,
        1
      ],
      [
        2567.2982025146484,
        975.1079115271568,
        1
      ],
      [
        2567.2984313964844,
        -301.6308403015137,
        1
      ],
      [
        2153.3505249023438,
        -957.3857545852661,
        1
      ],
      [
        151.6270923614502,
        765.1469421386719,
        2
      ],
      [
        696.0599899291992,
        723.5523176193237,
        2
      ],
      [
        696.0599899291992,
        184.95391130447388,
        2
      ],
      [
        151.62702083587646,
        104.49729681015015,
        2
      ]
    ],
    "axes_2d": {
      "origin": [
        975.3713607788086,
        401.37567043304443
      ],
      "x_end": [
        1267.9930114746094,
        420.4808735847473
      ],
      "y_end": [
        720.7906150817871,
        422.83312797546387
      ],
      "z_end": [
        975.3713607788086,
        -52.38701820373535
      ]
    }
  }
}