{
  "frame_id": 0,
  "view_category": "front",
  "truck_dims": {
    "width": 1.8684294819831848,
    "length": 5.103682994842529,
    "height": 1.9189241528511047
  },
  "metadata": {
    "h_cam": 1.7786142826080322,
    "cam_pos": [
      2.194343090057373,
      7.538426876068115,
      1.7786142826080322
    ],
    "distance": 7.893923796962721,
    "truck_yaw_world": 356.1924725756674,
    "environment": "city_B",
    "hdri": "rural_asphalt_road_4k.hdr",
    "sun_energy": 2.9196701049804688,
    "K_matrix": [
      [
        1866.6666666666667,
        0.0,
        960.0
      ],
      [
        0.0,
        1866.6666666666667,
        540.0
      ],
      [
        0.0,
        0.0,
        1.0
      ]
    ],
    "depth_format": {
      "file": "depth_0000.npy",
      "dtype": "float32",
      "unit": "meter",
      "invalid_value": 0.0,
      "max_range_m": 65.535,
      "shape": [
        1080,
        1920
      ]
    }
  },
  "ground_truth": {
    "truck_center_2d": [
      553.8301277160645,
      739.3127954006195
    ],
    "yaw_theta": 155.30219187307947,
    "3d_corners": [
      [
        -1.1016073799150004,
        -2.4841725766870546,
        -2.9802322387695312e-08
      ],
      [
        0.7626980324464198,
        -2.608245372189808,
        -2.9802322387695312e-08
      ],
      [
        0.7626980324464198,
        -2.608245372189808,
        1.9189241230487823
      ],
      [
        -1.1016073799150004,
        -2.4841725766870546,
        1.9189241230487823
      ],
      [
        -0.7626980324464198,
        2.608245372189808,
        -2.9802322387695312e-08
      ],
      [
        1.1016073799150004,
        2.4841725766870546,
        -2.9802322387695312e-08
      ],
      [
        1.1016073799150004,
        2.4841725766870546,
        1.9189241230487823
      ],
      [
        -0.7626980324464198,
        2.608245372189808,
        1.9189241230487823
      ]
    ],
    "2d_corners": [
      [
        620.709285736084,
        859.8369777202606,
        2
      ],
      [
        263.040189743042,
        885.8471685647964,
        2
      ],
      [
        263.04027557373047,
        512.7174925804138,
        2
      ],
      [
        620.709342956543,
        514.7693181037903,
        2
      ],
      [
        1039.8457717895508,
        1118.0359272658825,
        1
      ],
      [
        413.9475917816162,
        1208.9615133404732,
        1
      ],
      [
        413.9475631713867,
        487.22790241241455,
        2
      ],
      [
        1039.8457717895508,
        494.40073013305664,
        2
      ]
    ],
    "axes_2d": {
      "origin": [
        553.8301277160645,
        739.3127954006195
      ],
      "x_end": [
        296.6433334350586,
        750.7933366298676
      ],
      "y_end": [
        614.5903587341309,
        766.0868525505066
      ],
      "z_end": [
        553.8301277160645,
        495.99724531173706
      ]
    }
  }
}