{"data_time": 0.0007833805084228515, "time": 0.030601999282836915}