{"data_time": 0.001181340217590332, "time": 0.0355242133140564}