{"data_time": 0.0007792203426361084, "time": 0.030636724948883056}