{"data_time": 0.0007721095085144043, "time": 0.03081464648246765}