{"data_time": 0.00078224515914917, "time": 0.030489588499069215}