{"data_time": 0.0008003208637237549, "time": 0.030709080934524537}