{"data_time": 0.0007827749252319336, "time": 0.03082482123374939}