{"data_time": 0.0007702600955963135, "time": 0.030669618606567382}