{"data_time": 0.0007783784866333007, "time": 0.030724273443222046}