{"data_time": 0.0007809896469116211, "time": 0.03078243589401245}