{"data_time": 0.0007762050628662109, "time": 0.030550241470336914}