{"data_time": 0.0007688686847686768, "time": 0.030593674898147582}