{"data_time": 0.0007663612365722656, "time": 0.030681550979614256}