{"data_time": 0.0007889664173126221, "time": 0.030575427770614623}