{"data_time": 0.000784942626953125, "time": 0.03074458622932434}