{"data_time": 0.0007754709720611573, "time": 0.030701676845550536}