{
  "dataset_root": "/home/dy-jang/TruckDetection/fcos3d_server_bundle_20260410/datasets/v3/kitti_smoke_1280x384_lb",
  "split": "val",
  "num_samples": 1000,
  "notes": [
    "z_box is the z-coordinate implied by dataset gt_corners_3d.",
    "z_formula is the geometry GT reconstruction used by the current geometry path: fy*|h_cam-H/2|/|v-cy|.",
    "If z_abs_diff is large, the geometry GT path and the dataset annotations are inconsistent for that sample."
  ],
  "stats": {
    "z_abs_diff": {
      "count": 1000,
      "mean": 3.402411937713623e-06,
      "median": 7.152557373046875e-07,
      "min": 0.0,
      "max": 0.00035858154296875,
      "std": 2.0274751890083617e-05
    },
    "center_proj_error_px": {
      "count": 1000,
      "mean": 2.6786304799315985e-05,
      "median": 1.52587890625e-05,
      "min": 0.0,
      "max": 0.00021392936469055712,
      "std": 2.909116604324642e-05
    },
    "h_ref_abs_diff": {
      "count": 1000,
      "mean": 2.8014183044433594e-09,
      "median": 0.0,
      "min": 0.0,
      "max": 1.1920928955078125e-07,
      "std": 1.3115189113116328e-08
    },
    "h_cam_abs_diff": {
      "count": 1000,
      "mean": 1.9189239760637284,
      "median": 1.9189239740371704,
      "min": 1.9189238548278809,
      "max": 1.91892409324646,
      "std": 4.141746592352976e-08
    },
    "abs_dv": {
      "count": 1000,
      "mean": 72.97369313049316,
      "median": 60.038360595703125,
      "min": 0.0468902587890625,
      "max": 1006.400634765625,
      "std": 63.04482085792753
    },
    "z_sensitivity_m_per_px": {
      "count": 1000,
      "mean": 0.5330062236010563,
      "median": 0.09600716084241867,
      "min": 0.0005166928749531507,
      "max": 104.13999938964844,
      "std": 4.549174901938078
    }
  },
  "flag_counts": {
    "h_cam_mismatch": 1000,
    "abs_dv_lt_1px": 8,
    "z_sensitivity_gt_10m_per_px": 7
  },
  "suspicious_samples": [
    {
      "frame_id": 3139,
      "z_box": 4.882792949676514,
      "z_formula": 4.883151531219482,
      "z_abs_diff": 0.00035858154296875,
      "center_v": 192.04689025878906,
      "cy": 192.0,
      "dv": 0.0468902587890625,
      "h_ref_expected": 0.00034499168395996094,
      "h_ref_from_box": 0.00034499168395996094,
      "h_ref_abs_diff": 0.0,
      "h_cam_expected": 0.9598069787025452,
      "h_cam_from_box": -0.9591169953346252,
      "h_cam_abs_diff": 1.9189239740371704,
      "center_proj_error_px": 6.103515625e-05,
      "z_sensitivity_m_per_px": 104.13999938964844,
      "flags": [
        "h_cam_mismatch",
        "abs_dv_lt_1px",
        "z_sensitivity_gt_10m_per_px"
      ]
    },
    {
      "frame_id": 268,
      "z_box": 6.308300018310547,
      "z_formula": 6.308589458465576,
      "z_abs_diff": 0.0002894401550292969,
      "center_v": 191.9241485595703,
      "cy": 192.0,
      "dv": -0.0758514404296875,
      "h_ref_expected": -0.000720977783203125,
      "h_ref_from_box": -0.000720977783203125,
      "h_ref_abs_diff": 0.0,
      "h_cam_expected": 0.9587410092353821,
      "h_cam_from_box": -0.9601829648017883,
      "h_cam_abs_diff": 1.9189239740371704,
      "center_proj_error_px": 0.0,
      "z_sensitivity_m_per_px": 83.17033386230469,
      "flags": [
        "h_cam_mismatch",
        "abs_dv_lt_1px",
        "z_sensitivity_gt_10m_per_px"
      ]
    },
    {
      "frame_id": 43,
      "z_box": 4.486288070678711,
      "z_formula": 4.486546993255615,
      "z_abs_diff": 0.0002589225769042969,
      "center_v": 192.134765625,
      "cy": 192.0,
      "dv": 0.134765625,
      "h_ref_expected": 0.0009109973907470703,
      "h_ref_from_box": 0.0009109973907470703,
      "h_ref_abs_diff": 0.0,
      "h_cam_expected": 0.9603729844093323,
      "h_cam_from_box": -0.9585509896278381,
      "h_cam_abs_diff": 1.9189239740371704,
      "center_proj_error_px": 1.52587890625e-05,
      "z_sensitivity_m_per_px": 33.291481018066406,
      "flags": [
        "h_cam_mismatch",
        "abs_dv_lt_1px",
        "z_sensitivity_gt_10m_per_px"
      ]
    },
    {
      "frame_id": 1369,
      "z_box": 4.4303507804870605,
      "z_formula": 4.430555820465088,
      "z_abs_diff": 0.00020503997802734375,
      "center_v": 192.42604064941406,
      "cy": 192.0,
      "dv": 0.4260406494140625,
      "h_ref_expected": 0.0028440356254577637,
      "h_ref_from_box": 0.0028440356254577637,
      "h_ref_abs_diff": 0.0,
      "h_cam_expected": 0.962306022644043,
      "h_cam_from_box": -0.9566179513931274,
      "h_cam_abs_diff": 1.9189239740371704,
      "center_proj_error_px": 1.52587890625e-05,
      "z_sensitivity_m_per_px": 10.399373054504395,
      "flags": [
        "h_cam_mismatch",
        "abs_dv_lt_1px",
        "z_sensitivity_gt_10m_per_px"
      ]
    },
    {
      "frame_id": 2089,
      "z_box": 3.106779098510742,
      "z_formula": 3.1065833568573,
      "z_abs_diff": 0.0001957416534423828,
      "center_v": 191.8636932373047,
      "cy": 192.0,
      "dv": -0.1363067626953125,
      "h_ref_expected": -0.0006380081176757812,
      "h_ref_from_box": -0.0006380081176757812,
      "h_ref_abs_diff": 0.0,
      "h_cam_expected": 0.9588239789009094,
      "h_cam_from_box": -0.960099995136261,
      "h_cam_abs_diff": 1.9189239740371704,
      "center_proj_error_px": 1.52587890625e-05,
      "z_sensitivity_m_per_px": 22.79111671447754,
      "flags": [
        "h_cam_mismatch",
        "abs_dv_lt_1px",
        "z_sensitivity_gt_10m_per_px"
      ]
    },
    {
      "frame_id": 3937,
      "z_box": 8.369551658630371,
      "z_formula": 8.369364738464355,
      "z_abs_diff": 0.000186920166015625,
      "center_v": 191.68089294433594,
      "cy": 192.0,
      "dv": -0.3191070556640625,
      "h_ref_expected": -0.0040239691734313965,
      "h_ref_from_box": -0.0040239691734313965,
      "h_ref_abs_diff": 0.0,
      "h_cam_expected": 0.9554380178451538,
      "h_cam_from_box": -0.9634859561920166,
      "h_cam_abs_diff": 1.9189239740371704,
      "center_proj_error_px": 0.0,
      "z_sensitivity_m_per_px": 26.227449417114258,
      "flags": [
        "h_cam_mismatch",
        "abs_dv_lt_1px",
        "z_sensitivity_gt_10m_per_px"
      ]
    },
    {
      "frame_id": 3807,
      "z_box": 10.51565933227539,
      "z_formula": 10.515734672546387,
      "z_abs_diff": 7.534027099609375e-05,
      "center_v": 192.5018310546875,
      "cy": 192.0,
      "dv": 0.5018310546875,
      "h_ref_expected": 0.007951021194458008,
      "h_ref_from_box": 0.007951021194458008,
      "h_ref_abs_diff": 0.0,
      "h_cam_expected": 0.9674130082130432,
      "h_cam_from_box": -0.9515109658241272,
      "h_cam_abs_diff": 1.9189239740371704,
      "center_proj_error_px": 6.103515625e-05,
      "z_sensitivity_m_per_px": 20.954730987548828,
      "flags": [
        "h_cam_mismatch",
        "abs_dv_lt_1px",
        "z_sensitivity_gt_10m_per_px"
      ]
    },
    {
      "frame_id": 1134,
      "z_box": 4.057435035705566,
      "z_formula": 4.05746603012085,
      "z_abs_diff": 3.0994415283203125e-05,
      "center_v": 192.46652221679688,
      "cy": 192.0,
      "dv": 0.466522216796875,
      "h_ref_expected": 0.002852022647857666,
      "h_ref_from_box": 0.002852022647857666,
      "h_ref_abs_diff": 0.0,
      "h_cam_expected": 0.9623140096664429,
      "h_cam_from_box": -0.9566099643707275,
      "h_cam_abs_diff": 1.9189239740371704,
      "center_proj_error_px": 0.0,
      "z_sensitivity_m_per_px": 8.697261810302734,
      "flags": [
        "h_cam_mismatch",
        "abs_dv_lt_1px"
      ]
    },
    {
      "frame_id": 722,
      "z_box": 11.081507682800293,
      "z_formula": 11.081459045410156,
      "z_abs_diff": 4.863739013671875e-05,
      "center_v": 188.31639099121094,
      "cy": 192.0,
      "dv": -3.6836090087890625,
      "h_ref_expected": -0.06150299310684204,
      "h_ref_from_box": -0.06150299310684204,
      "h_ref_abs_diff": 0.0,
      "h_cam_expected": 0.8979589939117432,
      "h_cam_from_box": -1.0209649801254272,
      "h_cam_abs_diff": 1.9189239740371704,