{
  "dataset_root": "/Users/doyoung/Documents/Blender/datasets/v3/kitti_smoke_1280x384_lb",
  "source_root": "/Users/doyoung/Documents/Blender/datasets/v3",
  "sample_ids": [
    "000000",
    "000007",
    "000008",
    "000043",
    "000120"
  ],
  "all_pass_pose_check": false,
  "samples": [
    {
      "sample_id": "000000",
      "actual": {
        "type": "Car",
        "truncation": 0.18258,
        "occlusion": 1,
        "alpha": 2.909105,
        "bbox_xyxy": [
          391.525401,
          173.236588,
          667.722941,
          383.0
        ],
        "dim_hwl": [
          1.918924,
          1.868429,
          5.103683
        ],
        "loc_xyz": [
          -1.397144,
          1.778614,
          6.943299
        ],
        "rotation_y": 2.710535,
        "score": null
      },
      "expected_from_v3": {
        "type": "Car",
        "truncation": 0.18258,
        "occlusion": 1,
        "alpha": 2.456423,
        "bbox_xyxy": [
          391.525401,
          173.236588,
          667.722941,
          383.0
        ],
        "dim_hwl": [
          1.918924,
          1.868429,
          5.103683
        ],
        "loc_xyz": [
          0.41598,
          1.778614,
          6.591793
        ],
        "rotation_y": 2.519445,
        "score": null
      },
      "source_metadata": {
        "truck_yaw_world": 356.1924725756674,
        "yaw_theta": 155.30219187307947,
        "truck_dims": {
          "width": 1.8684294819831848,
          "length": 5.103682994842529,
          "height": 1.9189241528511047
        },
        "selfcheck_iou": 0.5176761601767305
      },
      "diff": {
        "alpha_diff_deg": 25.93676806154112,
        "rotation_y_diff_deg": 10.9486505071549,
        "bbox_max_abs_diff_px": 0.0,
        "loc_max_abs_diff_m": 1.813124,
        "dims_max_abs_diff_m": 0.0
      },
      "pass_pose_check": false
    },
    {
      "sample_id": "000007",
      "actual": {
        "type": "Car",
        "truncation": 0.525783,
        "occlusion": 1,
        "alpha": -0.94508,
        "bbox_xyxy": [
          351.91183,
          0.0,
          1210.81722,
          383.0
        ],
        "dim_hwl": [
          1.918924,
          1.868429,
          5.103683
        ],
        "loc_xyz": [
          0.698589,
          0.653963,
          3.018007
        ],
        "rotation_y": -0.717613,
        "score": null
      },
      "expected_from_v3": {
        "type": "Car",
        "truncation": 0.525783,
        "occlusion": 1,
        "alpha": -0.787365,
        "bbox_xyxy": [
          351.91183,
          0.0,
          1210.81722,
          383.0
        ],
        "dim_hwl": [
          1.918924,
          1.868429,
          5.103683
        ],
        "loc_xyz": [
          1.139458,
          0.653963,
          4.003752
        ],
        "rotation_y": -0.510098,
        "score": null
      },
      "source_metadata": {
        "truck_yaw_world": 352.51155336034543,
        "yaw_theta": 318.8838256694519,
        "truck_dims": {
          "width": 1.8684294819831848,
          "length": 5.103682994842529,
          "height": 1.9189241528511047
        },
        "selfcheck_iou": 0.9958587229855369
      },
      "diff": {
        "alpha_diff_deg": -9.03640386590578,
        "rotation_y_diff_deg": -11.889733685657273,
        "bbox_max_abs_diff_px": 0.0,
        "loc_max_abs_diff_m": 0.9857450000000005,
        "dims_max_abs_diff_m": 0.0
      },
      "pass_pose_check": false
    },
    {
      "sample_id": "000008",
      "actual": {
        "type": "Car",
        "truncation": 0.279719,
        "occlusion": 2,
        "alpha": 0.481429,
        "bbox_xyxy": [
          497.926412,
          0.0,
          1073.844482,
          383.0
        ],
        "dim_hwl": [
          1.918924,
          1.868429,
          5.103683
        ],
        "loc_xyz": [
          1.064113,
          1.195994,
          4.048597
        ],
        "rotation_y": 0.738451,
        "score": null
      },
      "expected_from_v3": {
        "type": "Car",
        "truncation": 0.279719,
        "occlusion": 2,
        "alpha": 0.720742,
        "bbox_xyxy": [
          497.926412,
          0.0,
          1073.844482,
          383.0
        ],
        "dim_hwl": [
          1.918924,
          1.868429,
          5.103683
        ],
        "loc_xyz": [
          -0.37701,
          1.195994,
          4.131143
        ],
        "rotation_y": 0.629733,
        "score": null
      },
      "source_metadata": {
        "truck_yaw_world": 230.90521023770333,
        "yaw_theta": 42.31010809668729,
        "truck_dims": {
          "width": 1.8684294819831848,
          "length": 5.103682994842529,
          "height": 1.9189241528511047
        },
        "selfcheck_iou": 0.6796045022885989
      },
      "diff": {
        "alpha_diff_deg": -13.71162488261427,
        "rotation_y_diff_deg": 6.229082557103283,
        "bbox_max_abs_diff_px": 0.0,
        "loc_max_abs_diff_m": 1.4411230000000002,
        "dims_max_abs_diff_m": 0.0
      },
      "pass_pose_check": false
    },
    {
      "sample_id": "000043",
      "actual": {
        "type": "Car",
        "truncation": 0.469103,
        "occlusion": 1,
        "alpha": -0.002876,
        "bbox_xyxy": [
          339.056984,
          0.0,
          1022.708252,
          383.0
        ],
        "dim_hwl": [
          1.918924,
          1.868429,
          5.103683
        ],
        "loc_xyz": [
          0.16871,
          0.960373,
          2.876288
        ],
        "rotation_y": 0.055712,
        "score": null
      },
      "expected_from_v3": {
        "type": "Car",
        "truncation": 0.469103,
        "occlusion": 1,
        "alpha": -0.598263,
        "bbox_xyxy": [
          339.056984,
          0.0,
          1022.708252,
          383.0
        ],
        "dim_hwl": [
          1.918924,
          1.868429,
          5.103683
        ],
        "loc_xyz": [
          0.524256,
          0.960373,
          5.165304
        ],
        "rotation_y": -0.497113,
        "score": null
      },
      "source_metadata": {
        "truck_yaw_world": 330.03108435734623,
        "yaw_theta": 3.1920596881570136,
        "truck_dims": {
          "width": 1.8684294819831848,
          "length": 5.103682994842529,
          "height": 1.9189241528511047
        },
        "selfcheck_iou": 0.9960150458119825
      },
      "diff": {
        "alpha_diff_deg": 34.11316227695554,
        "rotation_y_diff_deg": 31.674539309319737,
        "bbox_max_abs_diff_px": 0.0,
        "loc_max_abs_diff_m": 2.2890159999999997,
        "dims_max_abs_diff_m": 0.0
      },
      "pass_pose_check": false
    },
    {
      "sample_id": "000120",
      "actual": {
        "type": "Car",
        "truncation": 0.796884,
        "occlusion": 2,
        "alpha": 1.072996,
        "bbox_xyxy": [
          0.0,
          0.0,
          995.389486,
          383.0
        ],
        "dim_hwl": [
          1.918924,
          1.868429,
          5.103683
        ],
        "loc_xyz": [
          -0.68926,
          1.024969,
          1.804924
        ],
        "rotation_y": 0.708209,
        "score": null
      },
      "expected_from_v3": {
        "type": "Car",
        "truncation": 0.796884,
        "occlusion": 2,
        "alpha": 0.645734,
        "bbox_xyxy": [
          0.0,
          0.0,
          995.389486,
          383.0
        ],
        "dim_hwl": [
          1.918924,
          1.868429,
          5.103683
        ],
        "loc_xyz": [
          -1.115849,
          1.024969,
          3.552229
        ],
        "rotation_y": 0.341368,
        "score": null
      },
      "source_metadata": {
        "truck_yaw_world": 173.20601623051292,
        "yaw_theta": 40.57739076417232,
        "truck_dims": {
          "width": 1.8684294819831848,
          "length": 5.103682994842529,
          "height": 1.9189241528511047
        },