{
  "source_root": "/Users/doyoung/Documents/Blender/datasets/v3",
  "sample_ids": [
    "000004"
  ],
  "rows": [
    {
      "sample_id": "000004",
      "source_label_path": "/Users/doyoung/Documents/Blender/datasets/v3/labels/label_0004.json",
      "source_image_path": "/Users/doyoung/Documents/Blender/datasets/v3/images/image_0004.png",
      "expected": {
        "bbox_xyxy": [
          428.41546630859375,
          133.9246826171875,
          814.706787109375,
          383.0
        ],
        "center_2d": [
          547.2837117513021,
          276.7614440917969
        ],
        "dims_lhw": [
          5.103682994842529,
          1.91892409324646,
          1.86842942237854
        ]
      },
      "init_pose": {
        "loc_xyz": [
          0.7714458703994751,
          1.6698267459869385,
          5.562344551086426
        ],
        "rotation_y_rad": -0.038037393471001955,
        "rotation_y_deg": -2.1793821095668853,
        "alpha_rad": -0.1758490462166812,
        "alpha_deg": -10.07540817961679,
        "bbox_reprojected_xyxy": [
          384.05718994140625,
          155.51821899414062,
          1110.7899169921875,
          384.0
        ],
        "bbox_iou": 0.5039048067200469
      },
      "refined_pose": {
        "loc_xyz": [
          0.5031124949455261,
          1.6698267459869385,
          5.562344551086426
        ],
        "rotation_y_rad": 1.8367436074931995,
        "rotation_y_deg": 105.23765675699379,
        "alpha_rad": 1.7465393468893897,
        "alpha_deg": 100.06933333029727,
        "bbox_reprojected_xyxy": [
          427.2847900390625,
          134.0857391357422,
          816.3878173828125,
          384.0
        ],
        "bbox_iou": 0.988169197574513
      },
      "final_export": {
        "line": "Car 0.443264 1 1.423819 428.415456 133.924690 814.706787 383.000000 1.918924 1.868429 5.103683 -0.696887 1.669827 5.562345 1.299182",
        "bbox_xyxy": [
          428.41546630859375,
          133.9246826171875,
          814.706787109375,
          383.0
        ],
        "loc_xyz": [
          -0.6968874931335449,
          1.6698267459869385,
          5.562344551086426
        ],
        "rotation_y_rad": 1.2991821978789462,
        "rotation_y_deg": 74.43765675699379,
        "alpha_rad": 1.4238194185993402,
        "alpha_deg": 81.57884347451287,
        "bbox_reprojected_xyxy": [
          427.1495666503906,
          134.06007385253906,
          814.95947265625,
          384.0
        ],
        "bbox_iou": 0.9915638856382553
      },
      "diff": {
        "init_to_refined_loc_abs_max_m": 0.268333375453949,
        "init_to_refined_ry_deg": 107.41703886656066,
        "init_bbox_max_abs_diff_px": 296.0831298828125,
        "refined_bbox_max_abs_diff_px": 1.6810302734375,
        "final_bbox_max_abs_diff_px": 1.265899658203125
      },
      "source_metadata": {
        "truck_yaw_world": 334.8879238965894,
        "yaw_theta": 342.02855574517616
      }
    }
  ]
}