{
  "dataset_root": "/home/dy-jang/TruckDetection/fcos3d_server_bundle_20260410/datasets/v3/kitti_smoke_1280x384_lb",
  "source_root": "/home/dy-jang/TruckDetection_github_codex_fcos3d_geov2_integration/results/v3_pose_compare_subset_20260413",
  "sample_ids": [
    "000000",
    "000007",
    "000008",
    "000043",
    "000120"
  ],
  "all_pass_pose_check": false,
  "samples": [
    {
      "sample_id": "000000",
      "actual": {
        "type": "Car",
        "truncation": 0.18258,
        "occlusion": 1,
        "alpha": -1.812796,
        "bbox_xyxy": [
          391.525401,
          173.236588,
          667.722941,
          383.0
        ],
        "dim_hwl": [
          1.918924,
          1.868429,
          5.103683
        ],
        "loc_xyz": [
          -1.697144,
          1.778614,
          7.893299
        ],
        "rotation_y": -2.024582,
        "score": null
      },
      "expected_from_v3": {
        "type": "Car",
        "truncation": 0.18258,
        "occlusion": 1,
        "alpha": 2.456423,
        "bbox_xyxy": [
          391.525401,
          173.236588,
          667.722941,
          383.0
        ],
        "dim_hwl": [
          1.918924,
          1.868429,
          5.103683
        ],
        "loc_xyz": [
          0.41598,
          1.778614,
          6.591793
        ],
        "rotation_y": 2.519445,
        "score": null
      },
      "source_metadata": {
        "truck_yaw_world": 356.1924725756674,
        "yaw_theta": 155.30219187307947,
        "truck_dims": {
          "width": 1.8684294819831848,
          "length": 5.103682994842529,
          "height": 1.9189241528511047
        },
        "selfcheck_iou": 0.5176761601767305
      },
      "diff": {
        "alpha_diff_deg": 115.39176948293822,
        "rotation_y_diff_deg": 99.64643090650708,
        "bbox_max_abs_diff_px": 0.0,
        "loc_max_abs_diff_m": 2.113124,
        "dims_max_abs_diff_m": 0.0
      },
      "pass_pose_check": false
    },
    {
      "sample_id": "000007",
      "actual": {
        "type": "Car",
        "truncation": 0.525783,
        "occlusion": 1,
        "alpha": -2.109938,
        "bbox_xyxy": [
          351.91183,
          0.0,
          1210.81722,
          383.0
        ],
        "dim_hwl": [
          1.918924,
          1.868429,
          5.103683
        ],
        "loc_xyz": [
          -0.201411,
          0.653963,
          3.918007
        ],
        "rotation_y": -2.1613,
        "score": null
      },
      "expected_from_v3": {
        "type": "Car",
        "truncation": 0.525783,
        "occlusion": 1,
        "alpha": -0.787365,
        "bbox_xyxy": [
          351.91183,
          0.0,
          1210.81722,
          383.0
        ],
        "dim_hwl": [
          1.918924,
          1.868429,
          5.103683
        ],
        "loc_xyz": [
          1.139458,
          0.653963,
          4.003752
        ],
        "rotation_y": -0.510098,
        "score": null
      },
      "source_metadata": {
        "truck_yaw_world": 352.51155336034543,
        "yaw_theta": 318.8838256694519,
        "truck_dims": {
          "width": 1.8684294819831848,
          "length": 5.103682994842529,
          "height": 1.9189241528511047
        },
        "selfcheck_iou": 0.9958587229855369
      },
      "diff": {
        "alpha_diff_deg": -75.77785099795584,
        "rotation_y_diff_deg": -94.60690572356056,
        "bbox_max_abs_diff_px": 0.0,
        "loc_max_abs_diff_m": 1.340869,
        "dims_max_abs_diff_m": 0.0
      },
      "pass_pose_check": false
    },
    {
      "sample_id": "000008",
      "actual": {
        "type": "Car",
        "truncation": 0.279719,
        "occlusion": 2,
        "alpha": -1.250336,
        "bbox_xyxy": [
          497.926412,
          0.0,
          1073.844482,
          383.0
        ],
        "dim_hwl": [
          1.918924,
          1.868429,
          5.103683
        ],
        "loc_xyz": [
          1.637446,
          1.195994,
          4.588597
        ],
        "rotation_y": -0.907571,
        "score": null
      },
      "expected_from_v3": {
        "type": "Car",
        "truncation": 0.279719,
        "occlusion": 2,
        "alpha": 0.720742,
        "bbox_xyxy": [
          497.926412,
          0.0,
          1073.844482,
          383.0
        ],
        "dim_hwl": [
          1.918924,
          1.868429,
          5.103683
        ],
        "loc_xyz": [
          -0.37701,
          1.195994,
          4.131143
        ],
        "rotation_y": 0.629733,
        "score": null
      },
      "source_metadata": {
        "truck_yaw_world": 230.90521023770333,
        "yaw_theta": 42.31010809668729,
        "truck_dims": {
          "width": 1.8684294819831848,
          "length": 5.103682994842529,
          "height": 1.9189241528511047
        },
        "selfcheck_iou": 0.6796045022885989
      },
      "diff": {
        "alpha_diff_deg": -112.93445049108728,
        "rotation_y_diff_deg": -88.0810310285795,
        "bbox_max_abs_diff_px": 0.0,
        "loc_max_abs_diff_m": 2.014456,
        "dims_max_abs_diff_m": 0.0
      },
      "pass_pose_check": false
    },
    {
      "sample_id": "000043",
      "actual": {
        "type": "Car",
        "truncation": 0.469103,
        "occlusion": 1,
        "alpha": -2.049241,
        "bbox_xyxy": [
          339.056984,
          0.0,
          1022.708252,
          383.0
        ],
        "dim_hwl": [
          1.918924,
          1.868429,
          5.103683
        ],
        "loc_xyz": [
          -0.53129,
          0.960373,
          4.486288
        ],
        "rotation_y": -2.167117,
        "score": null
      },
      "expected_from_v3": {
        "type": "Car",
        "truncation": 0.469103,
        "occlusion": 1,
        "alpha": -0.598263,
        "bbox_xyxy": [
          339.056984,
          0.0,
          1022.708252,
          383.0
        ],
        "dim_hwl": [
          1.918924,
          1.868429,
          5.103683
        ],
        "loc_xyz": [
          0.524256,
          0.960373,
          5.165304
        ],
        "rotation_y": -0.497113,
        "score": null
      },
      "source_metadata": {
        "truck_yaw_world": 330.03108435734623,
        "yaw_theta": 3.1920596881570136,
        "truck_dims": {
          "width": 1.8684294819831848,
          "length": 5.103682994842529,
          "height": 1.9189241528511047
        },
        "selfcheck_iou": 0.9960150458119825
      },
      "diff": {
        "alpha_diff_deg": -83.13491556633315,
        "rotation_y_diff_deg": -95.68418096996554,
        "bbox_max_abs_diff_px": 0.0,
        "loc_max_abs_diff_m": 1.055546,
        "dims_max_abs_diff_m": 0.0
      },
      "pass_pose_check": false
    },
    {
      "sample_id": "000120",
      "actual": {
        "type": "Car",
        "truncation": 0.796884,
        "occlusion": 2,
        "alpha": -0.473695,
        "bbox_xyxy": [
          0.0,
          0.0,
          995.389486,
          383.0
        ],
        "dim_hwl": [
          1.918924,
          1.868429,
          5.103683
        ],
        "loc_xyz": [
          -0.68926,
          1.024969,
          2.204924
        ],
        "rotation_y": -0.776672,
        "score": null
      },
      "expected_from_v3": {
        "type": "Car",
        "truncation": 0.796884,
        "occlusion": 2,
        "alpha": 0.645734,
        "bbox_xyxy": [
          0.0,
          0.0,
          995.389486,
          383.0
        ],
        "dim_hwl": [
          1.918924,
          1.868429,
          5.103683
        ],
        "loc_xyz": [
          -1.115849,
          1.024969,
          3.552229
        ],
        "rotation_y": 0.341368,
        "score": null
      },
      "source_metadata": {
        "truck_yaw_world": 173.20601623051292,
        "yaw_theta": 40.57739076417232,
        "truck_dims": {
          "width": 1.8684294819831848,
          "length": 5.103682994842529,