{
  "source_root": "/home/dy-jang/TruckDetection_github_codex_fcos3d_geov2_integration/datasets/v3",
  "sample_ids": [
    "000130"
  ],
  "rows": [
    {
      "sample_id": "000130",
      "expected_bbox_xyxy": [
        463.9103088378906,
        119.37751007080078,
        917.50537109375,
        383.0
      ],
      "dims_lhw": [
        5.103682994842529,
        1.91892409324646,
        1.86842942237854
      ],
      "source_metadata": {
        "truck_yaw_world": 347.67783298450723,
        "yaw_theta": 209.10498071969303
      },
      "candidates": {
        "initial": {
          "loc_xyz": [
            -1.0415558815002441,
            1.5977835655212402,
            5.618964195251465
          ],
          "rotation_y_rad": -3.0001830959508387,
          "rotation_y_deg": -171.89782916447595,
          "alpha_rad": -2.8168990193432597,
          "alpha_deg": -161.39642512290922,
          "bbox_reprojected_xyxy": [
            153.4675750732422,
            142.82569885253906,
            846.532470703125,
            384.0
          ],
          "bbox_iou": 0.4716696673178466,
          "bbox_max_abs_diff_px": 310.4427490234375
        },
        "yaw_only_global": {
          "loc_xyz": [
            -1.0415558815002441,
            1.5977835655212402,
            5.618964195251465
          ],
          "rotation_y_rad": -2.146754979953025,
          "rotation_y_deg": -122.99999999999999,
          "alpha_rad": -1.963470903345446,
          "alpha_deg": -112.49859595843326,
          "bbox_reprojected_xyxy": [
            345.0379638671875,
            120.2349624633789,
            827.7071533203125,
            384.0
          ],
          "bbox_iou": 0.6318281754402728,
          "bbox_max_abs_diff_px": 118.87234497070312
        },
        "xz_only_fixed_yaw": {
          "loc_xyz": [
            0.008444118313491344,
            1.5977835655212402,
            6.968964099884033
          ],
          "rotation_y_rad": -3.0001830959508387,
          "rotation_y_deg": -171.89782916447595,
          "alpha_rad": -3.001394770176741,
          "alpha_deg": -171.96725298376495,
          "bbox_reprojected_xyxy": [
            364.7206726074219,
            154.50416564941406,
            919.9208374023438,
            378.5545959472656
          ],
          "bbox_iou": 0.7139691226000562,
          "bbox_max_abs_diff_px": 99.18963623046875
        },
        "current_refine_pose_to_bbox": {
          "loc_xyz": [
            0.27511078119277954,
            1.5977835655212402,
            5.308964252471924
          ],
          "rotation_y_rad": 1.6002065710964588,
          "rotation_y_deg": 91.68508287292819,
          "alpha_rad": 1.5484328331559893,
          "alpha_deg": 88.71866619932295,
          "bbox_reprojected_xyxy": [
            464.5169372558594,
            113.94752502441406,
            914.9207763671875,
            384.0
          ],
          "bbox_iou": 0.9694843829948159,
          "bbox_max_abs_diff_px": 5.429985046386719
        },
        "wide_joint_refine_pose_to_bbox": {
          "loc_xyz": [
            1.0584440231323242,
            1.5977835655212402,
            5.618964195251465
          ],
          "rotation_y_rad": 2.0790085625602366,
          "rotation_y_deg": 119.11841620626153,
          "alpha_rad": 1.8928203374401946,
          "alpha_deg": 108.45061671185147,
          "bbox_reprojected_xyxy": [
            466.7762451171875,
            119.37994384765625,
            919.0768432617188,
            384.0
          ],
          "bbox_iou": 0.9865232922303111,
          "bbox_max_abs_diff_px": 2.865936279296875
        }
      },
      "gaps": {
        "yaw_only_gain": 0.1601585081224262,
        "xz_only_gain": 0.24229945528220959,
        "current_joint_gain": 0.4978147156769693,
        "wide_joint_gain": 0.5148536249124644,
        "wide_minus_current_joint": 0.017038909235495225
      }
    }
  ]
}