{
  "source_root": "/home/dy-jang/TruckDetection_github_codex_fcos3d_geov2_integration/results/v3_pose_compare_subset_20260413_rawstyle",
  "sample_ids": [
    "000000",
    "000008"
  ],
  "rows": [
    {
      "sample_id": "000000",
      "expected_bbox_xyxy": [
        391.525390625,
        173.23658752441406,
        667.7229614257812,
        383.0
      ],
      "dims_lhw": [
        5.103682994842529,
        1.91892409324646,
        1.86842942237854
      ],
      "source_metadata": {
        "truck_yaw_world": 356.1924725756674,
        "yaw_theta": 155.30219187307947
      },
      "candidates": {
        "initial": {
          "loc_xyz": [
            1.6693129539489746,
            1.7786142826080322,
            7.671792984008789
          ],
          "rotation_y_rad": 3.1390372930418637,
          "rotation_y_deg": 179.8535886254694,
          "alpha_rad": 2.92478595233977,
          "alpha_deg": 167.57789104821998,
          "bbox_reprojected_xyxy": [
            552.5494384765625,
            178.16500854492188,
            1054.981689453125,
            367.376953125
          ],
          "bbox_iou": 0.16608631953676567,
          "bbox_max_abs_diff_px": 387.25872802734375
        },
        "yaw_only_global": {
          "loc_xyz": [
            1.6693129539489746,
            1.7786142826080322,
            7.671792984008789
          ],
          "rotation_y_rad": 2.5220007691318065,
          "rotation_y_deg": 144.50000000000003,
          "alpha_rad": 2.307749428429713,
          "alpha_deg": 132.22430242275058,
          "bbox_reprojected_xyxy": [
            548.552490234375,
            174.84808349609375,
            978.5203857421875,
            384.0
          ],
          "bbox_iou": 0.2015742301684338,
          "bbox_max_abs_diff_px": 310.79742431640625
        },
        "xz_only_fixed_yaw": {
          "loc_xyz": [
            -0.7306870222091675,
            1.7786142826080322,
            9.621792793273926
          ],
          "rotation_y_rad": 3.1390372930418637,
          "rotation_y_deg": 179.8535886254694,
          "alpha_rad": -3.0683526554637552,
          "alpha_deg": -175.80365721583198,
          "bbox_reprojected_xyxy": [
            388.5533142089844,
            181.27273559570312,
            778.541015625,
            327.9825744628906
          ],
          "bbox_iou": 0.5429552575936003,
          "bbox_max_abs_diff_px": 110.81805419921875
        },
        "current_refine_pose_to_bbox": {
          "loc_xyz": [
            0.41597962379455566,
            1.7786142826080322,
            6.591793060302734
          ],
          "rotation_y_rad": 2.5194454085838767,
          "rotation_y_deg": 144.3535886254694,
          "alpha_rad": 2.4564232920515603,
          "alpha_deg": 140.74268733218602,
          "bbox_reprojected_xyxy": [
            390.0777282714844,
            170.56976318359375,
            914.4448852539062,
            384.0
          ],
          "bbox_iou": 0.5176761601767305,
          "bbox_max_abs_diff_px": 246.721923828125
        },
        "wide_joint_refine_pose_to_bbox": {
          "loc_xyz": [
            -0.7806870341300964,
            1.7786142826080322,
            7.771792888641357
          ],
          "rotation_y_rad": 1.6851780261305873,
          "rotation_y_deg": 96.55358862546942,
          "alpha_rad": 1.7852935330014543,
          "alpha_deg": 102.28978463298309,
          "bbox_reprojected_xyxy": [
            390.9007873535156,
            173.84715270996094,
            667.8762817382812,
            384.0
          ],
          "bbox_iou": 0.9895792985556875,
          "bbox_max_abs_diff_px": 1.0
        }
      },
      "gaps": {
        "yaw_only_gain": 0.03548791063166812,
        "xz_only_gain": 0.37686893805683463,
        "current_joint_gain": 0.3515898406399648,
        "wide_joint_gain": 0.8234929790189218,
        "wide_minus_current_joint": 0.47190313837895703
      }
    },
    {
      "sample_id": "000008",
      "expected_bbox_xyxy": [
        497.9264221191406,
        0.0,
        1073.844482421875,
        383.0
      ],
      "dims_lhw": [
        5.103682994842529,
        1.91892409324646,
        1.86842942237854
      ],
      "source_metadata": {
        "truck_yaw_world": 230.90521023770333,
        "yaw_theta": 42.31010809668729
      },
      "candidates": {
        "initial": {
          "loc_xyz": [
            -1.6303437948226929,
            1.195994257926941,
            4.911142826080322
          ],
          "rotation_y_rad": 0.09740766749006952,
          "rotation_y_deg": 5.58104823939466,
          "alpha_rad": 0.41792920017029034,
          "alpha_deg": 23.945579305035803,
          "bbox_reprojected_xyxy": [
            0.0,
            63.47388458251953,
            784.8583984375,
            384.0
          ],
          "bbox_iou": 0.2409761468692619,
          "bbox_max_abs_diff_px": 497.9264221191406
        },
        "yaw_only_global": {
          "loc_xyz": [
            -1.6303437948226929,
            1.195994257926941,
            4.911142826080322
          ],
          "rotation_y_rad": 0.7766715171374767,
          "rotation_y_deg": 44.50000000000001,
          "alpha_rad": 1.0971930498176976,
          "alpha_deg": 62.86453106564115,
          "bbox_reprojected_xyxy": [
            187.7378692626953,
            0.0,
            787.2764892578125,
            384.0
          ],
          "bbox_iou": 0.32596507606708935,
          "bbox_max_abs_diff_px": 310.18853759765625
        },
        "xz_only_fixed_yaw": {
          "loc_xyz": [
            0.3196561932563782,
            1.195994257926941,
            5.361142635345459
          ],
          "rotation_y_rad": 0.09740766749006952,
          "rotation_y_deg": 5.58104823939466,
          "alpha_rad": 0.03785353547898674,
          "alpha_deg": 2.1688478225946635,
          "bbox_reprojected_xyxy": [
            311.5693054199219,
            77.2999038696289,
            1078.5908203125,
            381.75653076171875
          ],
          "bbox_iou": 0.6290087934906401,
          "bbox_max_abs_diff_px": 186.35711669921875
        },
        "current_refine_pose_to_bbox": {
          "loc_xyz": [
            -0.3770104646682739,
            1.195994257926941,
            4.131142616271973
          ],
          "rotation_y_rad": 0.6297330893483399,
          "rotation_y_deg": 36.081048239394654,
          "alpha_rad": 0.7207415719464176,
          "alpha_deg": 41.295450192154306,
          "bbox_reprojected_xyxy": [
            232.65406799316406,
            0.0,
            1077.87841796875,
            384.0
          ],
          "bbox_iou": 0.6796045022885989,
          "bbox_max_abs_diff_px": 265.2723388671875
        },
        "wide_joint_refine_pose_to_bbox": {
          "loc_xyz": [
            0.06965620070695877,
            1.195994257926941,
            4.7111430168151855
          ],
          "rotation_y_rad": 1.3150657089647797,
          "rotation_y_deg": 75.3477149060613,
          "alpha_rad": 1.3002813720613673,
          "alpha_deg": 74.50063479859627,
          "bbox_reprojected_xyxy": [
            497.9007568359375,
            0.0,
            1072.85400390625,
            384.0
          ],
          "bbox_iou": 0.9956405759712911,
          "bbox_max_abs_diff_px": 1.0
        }
      },
      "gaps": {
        "yaw_only_gain": 0.08498892919782747,
        "xz_only_gain": 0.3880326466213782,
        "current_joint_gain": 0.43862835541933703,
        "wide_joint_gain": 0.7546644291020292,
        "wide_minus_current_joint": 0.31603607368269215
      }
    }
  ]
}