{
  "source_root": "/home/dy-jang/TruckDetection_github_codex_fcos3d_geov2_integration/datasets/v3",
  "sample_ids": [
    "000130"
  ],
  "rows": [
    {
      "sample_id": "000130",
      "source_label_path": "/home/dy-jang/TruckDetection_github_codex_fcos3d_geov2_integration/datasets/v3/labels/label_0130.json",
      "source_image_path": "/home/dy-jang/TruckDetection_github_codex_fcos3d_geov2_integration/datasets/v3/images/image_0130.png",
      "expected": {
        "bbox_xyxy": [
          463.9103088378906,
          119.37751007080078,
          917.50537109375,
          383.0
        ],
        "center_2d": [
          762.3603515625,
          267.3976249694824
        ],
        "dims_lhw": [
          5.103682994842529,
          1.91892409324646,
          1.86842942237854
        ]
      },
      "init_pose": {
        "loc_xyz": [
          -1.0415558815002441,
          1.5977835655212402,
          5.618964195251465
        ],
        "rotation_y_rad": -3.0001830959508387,
        "rotation_y_deg": -171.89782916447595,
        "alpha_rad": -2.8168990193432597,
        "alpha_deg": -161.39642512290922,
        "bbox_reprojected_xyxy": [
          153.4675750732422,
          142.82569885253906,
          846.532470703125,
          384.0
        ],
        "bbox_iou": 0.4716696673178466
      },
      "refined_pose": {
        "loc_xyz": [
          0.27511078119277954,
          1.5977835655212402,
          5.308964252471924
        ],
        "rotation_y_rad": 1.6002065710964588,
        "rotation_y_deg": 91.68508287292819,
        "alpha_rad": 1.5484328331559893,
        "alpha_deg": 88.71866619932295,
        "bbox_reprojected_xyxy": [
          464.5169372558594,
          113.94752502441406,
          914.9207763671875,
          384.0
        ],
        "bbox_iou": 0.9694843829948159
      },
      "final_export": {
        "line": "Car 0.392497 1 1.238505 463.910299 119.377510 917.505371 383.000000 1.918924 1.868429 5.103683 -0.247389 1.597784 5.736464 1.195406",
        "bbox_xyxy": [
          463.9103088378906,
          119.37751007080078,
          917.50537109375,
          383.0
        ],
        "loc_xyz": [
          -0.24738922715187073,
          1.5977835655212402,
          5.736464023590088
        ],
        "rotation_y_rad": 1.195405897070371,
        "rotation_y_deg": 68.49171270718236,
        "alpha_rad": 1.238504926338085,
        "alpha_deg": 70.96110518533318,
        "bbox_reprojected_xyxy": [
          463.99847412109375,
          121.4185562133789,
          918.328125,
          384.0
        ],
        "bbox_iou": 0.9865409350076891
      },
      "diff": {
        "init_to_refined_loc_abs_max_m": 1.316666603088379,
        "init_to_refined_ry_deg": -96.41708796259586,
        "init_bbox_max_abs_diff_px": 310.4427490234375,
        "refined_bbox_max_abs_diff_px": 5.429985046386719,
        "final_bbox_max_abs_diff_px": 2.041046142578125
      },
      "source_metadata": {
        "truck_yaw_world": 347.67783298450723,
        "yaw_theta": 209.10498071969303
      }
    }
  ]
}