{
  "source_root": "/Users/doyoung/Documents/Blender/datasets/v3",
  "sample_ids": [
    "000000",
    "000008"
  ],
  "rows": [
    {
      "sample_id": "000000",
      "source_label_path": "/Users/doyoung/Documents/Blender/datasets/v3/labels/label_0000.json",
      "source_image_path": "/Users/doyoung/Documents/Blender/datasets/v3/images/image_0000.png",
      "expected": {
        "bbox_xyxy": [
          391.525390625,
          173.23658752441406,
          667.7229614257812,
          383.0
        ],
        "center_2d": [
          494.9173787434896,
          262.86677169799805
        ],
        "dims_lhw": [
          5.103682994842529,
          1.91892409324646,
          1.86842942237854
        ]
      },
      "init_pose": {
        "loc_xyz": [
          1.6693129539489746,
          1.7786142826080322,
          7.671792984008789
        ],
        "rotation_y_rad": 3.1390372930418637,
        "rotation_y_deg": 179.8535886254694,
        "alpha_rad": 2.92478595233977,
        "alpha_deg": 167.57789104821998,
        "bbox_reprojected_xyxy": [
          552.5494384765625,
          178.16500854492188,
          1054.981689453125,
          367.376953125
        ],
        "bbox_iou": 0.16608631953676567
      },
      "refined_pose": {
        "loc_xyz": [
          -0.7573537230491638,
          1.7786142826080322,
          7.681792736053467
        ],
        "rotation_y_rad": 1.6760785729257885,
        "rotation_y_deg": 96.03222836095765,
        "alpha_rad": 1.7743517366249304,
        "alpha_deg": 101.66286588031673,
        "bbox_reprojected_xyxy": [
          391.87286376953125,
          173.54461669921875,
          668.1767578125,
          384.0
        ],
        "bbox_iou": 0.9909237914486966
      },
      "final_export": {
        "line": "Car 0.182580 1 1.774352 391.525401 173.236588 667.722941 383.000000 1.918924 1.868429 5.103683 -0.757354 1.778614 7.681793 1.676079",
        "bbox_xyxy": [
          391.525390625,
          173.23658752441406,
          667.7229614257812,
          383.0
        ],
        "loc_xyz": [
          -0.7573537230491638,
          1.7786142826080322,
          7.681792736053467
        ],
        "rotation_y_rad": 1.6760785729257885,
        "rotation_y_deg": 96.03222836095765,
        "alpha_rad": 1.7743517366249304,
        "alpha_deg": 101.66286588031673,
        "bbox_reprojected_xyxy": [
          391.87286376953125,
          173.54461669921875,
          668.1767578125,
          384.0
        ],
        "bbox_iou": 0.9909237914486966
      },
      "diff": {
        "init_to_refined_loc_abs_max_m": 2.426666736602783,
        "init_to_refined_ry_deg": -83.82136026451175,
        "init_bbox_max_abs_diff_px": 387.25872802734375,
        "refined_bbox_max_abs_diff_px": 1.0,
        "final_bbox_max_abs_diff_px": 1.0
      },
      "source_metadata": {
        "truck_yaw_world": 356.1924725756674,
        "yaw_theta": 155.30219187307947
      }
    },
    {
      "sample_id": "000008",
      "source_label_path": "/Users/doyoung/Documents/Blender/datasets/v3/labels/label_0008.json",
      "source_image_path": "/Users/doyoung/Documents/Blender/datasets/v3/images/image_0008.png",
      "expected": {
        "bbox_xyxy": [
          497.9264221191406,
          0.0,
          1073.844482421875,
          383.0
        ],
        "center_2d": [
          859.6619059244792,
          223.96563720703125
        ],
        "dims_lhw": [
          5.103682994842529,
          1.91892409324646,
          1.86842942237854
        ]
      },
      "init_pose": {
        "loc_xyz": [
          -1.6303437948226929,
          1.195994257926941,
          4.911142826080322
        ],
        "rotation_y_rad": 0.09740766749006952,
        "rotation_y_deg": 5.58104823939466,
        "alpha_rad": 0.41792920017029034,
        "alpha_deg": 23.945579305035803,
        "bbox_reprojected_xyxy": [
          0.0,
          63.47388458251953,
          784.8583984375,
          384.0
        ],
        "bbox_iou": 0.2409761468692619
      },
      "refined_pose": {
        "loc_xyz": [
          0.05465618148446083,
          1.195994257926941,
          4.651142597198486
        ],
        "rotation_y_rad": 1.330976179597903,
        "rotation_y_deg": 76.2593177234061,
        "alpha_rad": 1.3192255904160217,
        "alpha_deg": 75.58605855649223,
        "bbox_reprojected_xyxy": [
          499.1614685058594,
          0.0,
          1074.0712890625,
          384.0
        ],
        "bbox_iou": 0.9948706935074384
      },
      "final_export": {
        "line": "Car 0.279719 2 1.319226 497.926412 0.000000 1073.844482 383.000000 1.918924 1.868429 5.103683 0.054656 1.195994 4.651143 1.330976",
        "bbox_xyxy": [
          497.9264221191406,
          0.0,
          1073.844482421875,
          383.0
        ],
        "loc_xyz": [
          0.05465618148446083,
          1.195994257926941,
          4.651142597198486
        ],
        "rotation_y_rad": 1.330976179597903,
        "rotation_y_deg": 76.2593177234061,
        "alpha_rad": 1.3192255904160217,
        "alpha_deg": 75.58605855649223,
        "bbox_reprojected_xyxy": [
          499.1614685058594,
          0.0,
          1074.0712890625,
          384.0
        ],
        "bbox_iou": 0.9948706935074384
      },
      "diff": {
        "init_to_refined_loc_abs_max_m": 1.684999942779541,
        "init_to_refined_ry_deg": 70.67826948401145,
        "init_bbox_max_abs_diff_px": 497.9264221191406,
        "refined_bbox_max_abs_diff_px": 1.23504638671875,
        "final_bbox_max_abs_diff_px": 1.23504638671875
      },
      "source_metadata": {
        "truck_yaw_world": 230.90521023770333,
        "yaw_theta": 42.31010809668729
      }
    }
  ]
}