{"data_time": 0.0007939484119415284, "time": 0.03072161293029785}