{"data_time": 0.000773266315460205, "time": 0.030614078521728514}