{"data_time": 0.0007796638011932373, "time": 0.030709292650222778}