{"data_time": 0.0007753674983978271, "time": 0.030693665504455566}