{"data_time": 0.0007877626419067383, "time": 0.030795353412628172}