{"data_time": 0.0007529759407043457, "time": 0.03047422981262207}