{"data_time": 0.0007712717056274414, "time": 0.030711329221725463}